{"cameraMode":{"drawMode":0,"name":"Shaded","section":"Shading Mode"},"sceneLighting":true,"audioPlay":false,"sceneViewState":{"showFog":true,"showMaterialUpdate":false,"showSkybox":true,"showFlares":true,"showImageEffects":true,"showParticleSystems":true},"in2DMode":false,"pivot":{"x":5.873844623565674,"y":6.260837078094482,"z":-11.82474136352539},"rotation":{"x":0.4132313132286072,"y":0.0013659391552209855,"z":-0.0006198460469022393,"w":0.9106252193450928},"size":22.0,"orthographic":false}